5785,0.871896,-0.041107
36380,0.873535,-0.041355
66178,0.874469,-0.040606
96772,0.873659,-0.039039
126571,0.872616,-0.037898
157166,0.872005,-0.037652
187070,0.871480,-0.037090
217568,0.870864,-0.035976
247375,0.870122,-0.034883
277970,0.869175,-0.033584
307874,0.868467,-0.033117
338391,0.867888,-0.032636
368373,0.867337,-0.031409
398728,0.855269,-0.007408
428587,0.791118,0.088869
459181,0.681809,0.270633
489518,0.589307,0.485350
519845,0.540657,0.672085
550191,0.523375,0.767390
580537,0.521014,0.797928
610865,0.521154,0.807215
641211,0.534598,0.842556
671557,0.544090,0.876240
701903,0.544420,0.895645
732249,0.543835,0.899342
762595,0.538433,0.900326
792941,0.536713,0.900591
823287,0.538069,0.901296
853587,0.530187,0.906571
883837,0.523307,0.911285
914086,0.519284,0.911856
944433,0.516431,0.909278
974631,0.512825,0.914610
1004880,0.512555,0.915895
1034955,0.512714,0.919710
1065043,0.512849,0.918745
1095145,0.511944,0.921304
1125445,0.511988,0.923935
1155502,0.512339,0.927981
1185604,0.512619,0.930939
1215614,0.510323,0.933410
1245960,0.500411,0.934461
1276016,0.486065,0.935315
1306054,0.471336,0.937152
1336160,0.456716,0.942425
1366217,0.446240,0.942283
1396370,0.437950,0.942703
1426541,0.429020,0.949151
1456869,0.426303,0.948776
1487003,0.422868,0.946098
1517322,0.418918,0.941577
1547378,0.416816,0.940125
1577627,0.425090,0.939600
1607858,0.451743,0.942071
1638107,0.526563,0.945872
1668357,0.598589,0.952127
1698607,0.642460,0.950463
1728953,0.668855,0.946080
1759202,0.681770,0.944427
1789258,0.678419,0.948401
1819604,0.650498,0.945701
1849757,0.634575,0.945435
1879910,0.595658,0.946876
1910062,0.547303,0.943821
1940118,0.509491,0.939660
1970289,0.481975,0.939143
2000521,0.467762,0.939659
2030770,0.456740,0.940464
2060826,0.450973,0.939635
2091154,0.448041,0.939392
2121229,0.444583,0.938207
2151556,0.442163,0.937695
2181709,0.440054,0.938213
2211958,0.438741,0.937872
2242304,0.438266,0.937657
2272457,0.437375,0.938144
2302513,0.436441,0.938214
2332859,0.435641,0.938499
2363205,0.434984,0.939299
2393280,0.434145,0.940029
2423511,0.432778,0.940081
2453664,0.431931,0.939679
2483913,0.430276,0.938098
2513969,0.429112,0.936915
2544122,0.427078,0.937395
2574390,0.426595,0.936885
2604718,0.425280,0.937479
2634793,0.423253,0.937725
2664945,0.421846,0.937685
2695176,0.421271,0.936221
2725214,0.421548,0.934208
2755560,0.420413,0.934066
2785731,0.419571,0.934562
2815980,0.419079,0.935855
2846133,0.418835,0.936015
2876383,0.419321,0.935850
2906535,0.418804,0.935942
2936881,0.418287,0.936351
2966938,0.417674,0.937180
2997205,0.417388,0.937603
3027358,0.416931,0.936868
3057685,0.416741,0.935540
3087935,0.417439,0.934712
3118088,0.417661,0.934378
3148337,0.417524,0.934190
3178664,0.417161,0.933517
3208721,0.418916,0.932356
3238874,0.419896,0.933036
3269142,0.419472,0.934151
3299276,0.419232,0.935330
3329623,0.419018,0.935808
3359871,0.418793,0.936039
3390024,0.418598,0.937335
3420195,0.418223,0.939113
3450541,0.417867,0.940946
3480694,0.418045,0.941254
3510925,0.418010,0.941651
3541290,0.418200,0.941869
3571347,0.419007,0.941350
3601480,0.418623,0.940985
3631826,0.418634,0.940642
3661882,0.418713,0.940792
3692228,0.418929,0.941323
3722497,0.419031,0.941317
3752824,0.420950,0.934718
3782996,0.420877,0.870753
3813051,0.435366,0.715352
3843186,0.446186,0.583323
3873260,0.448998,0.523789
3903509,0.457043,0.500613
3933547,0.460553,0.487882
3963623,0.462005,0.481674
3993678,0.462357,0.478445
4023928,0.461945,0.476153
4054062,0.462417,0.474165
4084329,0.462955,0.471932
4114675,0.463533,0.471318
4144732,0.464438,0.470411
4175078,0.464852,0.470638
4205116,0.465248,0.470683
4235462,0.463345,0.475793
4265518,0.456530,0.492720
4295882,0.441880,0.529276
4326035,0.428753,0.567141
4356285,0.418663,0.597107
4386612,0.411109,0.617053
4416668,0.435581,0.599884
4446743,0.494299,0.535705
4476993,0.704443,0.294493
4507048,0.830098,0.163172
4537183,0.899975,0.084813
4567240,0.923625,0.064752
4597585,0.935342,0.050618
4627738,0.942674,0.041878
4657987,0.943979,0.037566
4688287,0.945259,0.034000
4718458,0.947255,0.030760
4748565,0.949820,0.027665
4778815,0.949675,0.025317
4808968,0.950580,0.022756
4839019,0.951122,0.021600
4869324,0.951718,0.020178
4899348,0.915518,0.108114
4929722,0.935033,0.096244
4960077,0.952882,0.083307
4990359,0.968228,0.070516
5020414,0.977324,0.064759
5050733,1.000143,0.026421
5080886,0.966086,0.072026
5110924,0.868343,0.194074
5141270,0.711670,0.378965
5171616,0.592323,0.517505
5201980,0.543621,0.578874
5232326,0.524323,0.603082
5262672,0.516353,0.615088
5293018,0.521424,0.614036
5323346,0.517426,0.618672
5353420,0.516100,0.622263
5383670,0.519003,0.620525
5413804,0.519188,0.619147
5444054,0.519597,0.617749
5474109,0.519776,0.616392
5504455,0.519907,0.615152
5534608,0.520144,0.615216
5564858,0.520184,0.616279
5595204,0.520362,0.617918
5625259,0.518787,0.615171
5655412,0.506380,0.588743
5685662,0.477934,0.511476
5715719,0.455618,0.442180
5745774,0.441381,0.395268
5775927,0.433652,0.368737
5806002,0.429631,0.356881
5836330,0.426884,0.351605
5866385,0.425445,0.346572
5896731,0.425605,0.343498
5926788,0.425251,0.345173
5957134,0.425425,0.348039
5987209,0.425267,0.349745
6017555,0.425010,0.350822
6047804,0.424501,0.351480
6077956,0.422095,0.352285
6108013,0.419408,0.353067
6138359,0.417091,0.353824
6168608,0.415236,0.354674
6198761,0.413348,0.355635
6229107,0.411533,0.356491
6259145,0.410184,0.356880
6289491,0.408653,0.357431
6319548,0.407484,0.358076
6349894,0.406540,0.359169
6380142,0.405791,0.359263
6410199,0.405115,0.358906
6440352,0.404501,0.358614
6470698,0.403951,0.358727
6500753,0.403367,0.358953
6531099,0.402864,0.359284
6561349,0.402412,0.359483
6591502,0.402184,0.359784
6621752,0.401950,0.360053
6651904,0.401736,0.360426
6682269,0.401571,0.360882
6712518,0.401393,0.361186
6742670,0.397022,0.359203
6772709,0.377279,0.345559
6803073,0.350943,0.328431
6833322,0.328635,0.314567
6863475,0.312783,0.304833
6893821,0.302042,0.297551
6924070,0.294644,0.292007
6954223,0.289993,0.288606
6984473,0.287091,0.286073
7014626,0.284625,0.281677
7044663,0.282666,0.278099
7075027,0.281364,0.277871
7105180,0.280590,0.277827
7135412,0.278921,0.278846
7165565,0.261501,0.284488
7195832,0.210778,0.289498
7225870,0.156204,0.292879
7256138,0.117314,0.293826
7286272,0.098775,0.301561
7316521,0.085145,0.304644
7346674,0.082677,0.310354
7376924,0.082287,0.313876
7407288,0.081066,0.316799
7437326,0.079135,0.318639
7467672,0.079019,0.321693
7497921,0.078442,0.322055
7528074,0.079317,0.323657
7558420,0.078622,0.323022
7588477,0.080925,0.325639
7618823,0.085321,0.330437
7649090,0.090531,0.335987
7679224,0.097431,0.343236
7709492,0.116299,0.350806
7739627,0.208822,0.346405
7769682,0.389334,0.322766
7799739,0.558582,0.307634
7829892,0.647642,0.305133
7860142,0.683873,0.302071
7890488,0.700672,0.302075
7920543,0.707286,0.303809
7950908,0.709506,0.304031
7981061,0.710027,0.301528
8011292,0.711435,0.298970
8041347,0.712574,0.297581
8071500,0.721968,0.298431
8101865,0.744501,0.294248
8132114,0.767471,0.288529
8162442,0.784026,0.284091
8192499,0.795388,0.280721
8222845,0.803402,0.277397
8252900,0.800095,0.274802
8283265,0.790594,0.272578
8313303,0.784684,0.271232
8343456,0.780939,0.270017
8373802,0.777185,0.269321
8404050,0.773004,0.268531
8434203,0.768722,0.267792
8464260,0.763608,0.265692
8494606,0.758016,0.262631
8524663,0.753330,0.259777
8555009,0.748754,0.257019
8585064,0.745121,0.255261
8615364,0.742270,0.254104
8645710,0.739937,0.253038
8675767,0.738198,0.252542
8706113,0.736540,0.252499
8736266,0.735430,0.252305
8766514,0.734717,0.252423
8796571,0.734936,0.255649
8826724,0.735348,0.260229
8856974,0.735895,0.264908
8887319,0.736420,0.269760
8917375,0.736918,0.274488
8947528,0.737251,0.278959
8977778,0.733478,0.289927
9008022,0.727845,0.303118
9038271,0.723534,0.313590
9068424,0.720004,0.320985
9098770,0.717178,0.327340
9128827,0.715233,0.331813
9159173,0.713611,0.336028
9189229,0.712132,0.339982
9219575,0.710799,0.343884
9249631,0.709905,0.346909
9279977,0.709578,0.348963
9310245,0.709064,0.349567
9340398,0.708913,0.349658
9370647,0.709005,0.349208
9400781,0.709051,0.348848
9431127,0.711953,0.349021
9461377,0.717659,0.349774
9491434,0.724736,0.350072
9521780,0.732383,0.350539
9551932,0.739244,0.351053
9582181,0.745273,0.350529
9612334,0.752222,0.350047
9642584,0.758916,0.350691
9672736,0.764057,0.350778
9702985,0.768236,0.350451
9733156,0.771066,0.351214
9763406,0.773155,0.351709
9793752,0.771488,0.351986
9823809,0.767365,0.352103
9853943,0.764770,0.352165
9884192,0.759725,0.352187
9914345,0.752727,0.352503
9944709,-1,-1
9974706,-1,-1
10005052,-1,-1
10035103,0.736062,0.363684
10065394,0.733334,0.358592
10095699,0.729380,0.355129
10126178,0.724538,0.355002
10156345,-1,-1
10186433,-1,-1
10216457,-1,-1
10246987,0.746086,0.385690
10277352,0.756877,0.399688
10307541,0.742196,0.382129
10337685,0.742784,0.380114
10368086,0.743107,0.376798
10398299,0.743131,0.373073
10428355,0.743104,0.369803
10458411,0.742690,0.367453
10488467,0.742274,0.365029
10518620,0.742028,0.362155
10548676,0.741871,0.359178
10578733,0.740203,0.356922
10609079,0.738303,0.355264
10639135,0.736836,0.353972
10669481,0.735637,0.352718
10699633,0.734621,0.352048
10729883,0.733806,0.351108
10760132,0.732821,0.350613
10790285,0.732074,0.350217
10820631,0.731486,0.349807
10850687,0.732487,0.345057
10881033,0.734815,0.335147
10911090,0.737138,0.325539
10941436,0.739281,0.316344
10971492,0.741345,0.308610
11001838,0.742851,0.303312
11031894,0.743595,0.299141
11062240,0.744133,0.295345
11092393,0.744353,0.292589
11122642,0.744258,0.290418
11152698,0.744546,0.287966
11183044,0.745036,0.286057
11213390,0.743203,0.289540
11243447,0.741099,0.293604
11273696,0.737199,0.300903
11303848,0.732077,0.310380
11334195,0.726835,0.320531
11364251,0.722574,0.329168
11394597,0.718756,0.337288
11424653,0.715804,0.344308
11454805,0.713797,0.349528
11485055,0.712821,0.354993
11515401,0.712371,0.359047
11545458,0.711938,0.362725
11575804,0.711517,0.365485
11605859,0.711208,0.367508
11636205,0.711295,0.369099
11666358,0.711091,0.370039
11696608,0.710530,0.370766
11726857,0.709631,0.371618
11757010,0.708736,0.372695
11787163,0.707915,0.373699
11817412,0.707479,0.374046
11847758,0.707165,0.374536
11877815,0.706928,0.374537
11907968,0.700179,0.370577
11938314,0.679809,0.360019
11968563,0.655652,0.347433
11998715,0.634494,0.336651
12028965,0.618267,0.327722
12059311,0.607822,0.321320
12089367,0.600973,0.317319
12119713,0.596333,0.315834
12149769,0.587227,0.321957
12180115,0.576146,0.332483
12210172,0.567638,0.339271
12240518,0.561346,0.344843
12270574,0.556469,0.348831
12300726,0.552676,0.352502
12330976,0.551320,0.354992
12361322,0.551049,0.356421
12391378,0.550766,0.357722
12421724,0.550735,0.358006
12451780,0.550688,0.358177
12482126,0.550752,0.358688
12512279,0.551381,0.359152
12542529,0.552406,0.359133
12572585,0.553073,0.358871
12602931,0.553610,0.358523
12632987,0.554255,0.358102
12663333,0.555044,0.357592
12693389,0.555904,0.357209
12723735,0.559119,0.356671
12754081,0.566013,0.355715
12784137,0.573459,0.355282
12814290,0.580499,0.354253
12844540,0.586214,0.353498
12874693,0.591210,0.352985
12904941,0.595332,0.352115
12935287,0.598871,0.350782
12965344,0.601482,0.349890
12995690,0.603563,0.349485
13025746,0.605091,0.349052
13056110,0.606139,0.348884
13086148,0.606935,0.349330
13116494,0.607579,0.349705
13146551,0.608201,0.350363
13176897,0.608754,0.350735
13206953,0.609111,0.350889
13237298,0.609491,0.350903
13267355,0.609757,0.351281
13297701,0.610064,0.351249
13327950,0.609474,0.351745
13358103,0.606948,0.353333
13388352,0.601837,0.356295
13418505,0.595297,0.359443
13448851,0.589156,0.362205
13478908,0.583590,0.365124
13509254,0.578299,0.368047
13539328,0.574257,0.369990
13569656,0.571366,0.371743
13599731,0.568861,0.373371
13630076,0.566664,0.374696
13660132,0.569480,0.378009
13690460,0.601747,0.409611
13720709,0.694958,0.516378
13751055,0.780168,0.633765
13781420,0.824461,0.696810
13811748,0.843775,0.726850
13841997,0.853022,0.739030
13872343,0.857279,0.747479
13902592,0.859076,0.751443
13932745,0.858579,0.756398
13963091,0.853509,0.785186
13993341,0.847061,0.815626
14023687,0.842976,0.838695
14053935,0.839677,0.852826
14084281,0.837135,0.861013
14114628,0.821570,0.872215
14144877,0.800529,0.883685
14175030,0.782307,0.890403
14205376,0.741624,0.902653
14235433,0.702670,0.913001
14265586,0.683773,0.898405
14295678,0.665189,0.910640
14325969,0.654780,0.917905
14356145,0.652068,0.905135
14386408,0.635484,0.911495
14416694,0.623893,0.917222
14447040,0.613370,0.922410
14477271,0.607224,0.922007
14507635,0.603194,0.922167
14537637,0.601311,0.923938
14568231,0.600374,0.924147
14598577,0.598438,0.926368
14628808,0.596889,0.925239
14658712,0.587339,0.923916
14689049,0.573861,0.924861
14719105,0.560318,0.925872
14749179,0.550015,0.925805
14779236,0.541579,0.921013
14809293,0.534670,0.916951
14839348,0.519332,0.917755
14869253,0.490720,0.921280
14899654,0.463672,0.924680
14930000,0.443681,0.925518
14960346,0.430546,0.922293
14990403,0.423261,0.921162
15020748,0.416556,0.917914
15050997,0.414109,0.918196
15081343,0.411709,0.916805
15111496,0.410490,0.917158
15141553,0.408867,0.916622
15171802,0.409007,0.910731
15202130,0.408321,0.908747
15232379,0.406910,0.910988
15262532,0.406179,0.906740
15292684,0.404569,0.905695
15323031,0.402708,0.907857
15353087,0.399997,0.907186
15383143,0.397658,0.906083
15413296,0.396121,0.906476
15443352,0.395390,0.907225
15473409,0.394550,0.907428
15503562,0.393690,0.907829
15533810,0.393108,0.908248
15563963,0.392683,0.909281
15594116,0.392089,0.910096
15624366,0.392185,0.910658
15654730,0.397437,0.910792
15684997,0.413911,0.908448
15715017,0.433965,0.906835
15745074,0.452721,0.905535
15775226,0.466772,0.903998
15805475,0.486371,0.910121
15835545,0.522779,0.922321
15866121,0.552477,0.926912
15896486,0.574708,0.929314
15926735,0.583483,0.924508
15956966,0.585936,0.922302
15987119,0.591844,0.921443
16017483,0.597365,0.906069
16047696,0.597792,0.910534
16078079,0.601692,0.912411
16108406,0.603209,0.912729
16138656,0.603455,0.908910
16168791,0.604509,0.911132
16199058,0.605598,0.905245
16229211,0.606285,0.897495
16259267,0.606122,0.896853
16289632,0.605841,0.896253
16319880,0.605584,0.895364
16350226,0.605516,0.893280
16380283,0.604599,0.891098
16410340,0.604842,0.885294
16440667,0.602341,0.883519
16470838,0.602600,0.873097
16501069,0.601410,0.863272
16531222,0.597484,0.846168
16561297,0.590718,0.775610
16591334,0.589971,0.712200
16621409,0.594352,0.670766
16651562,0.599827,0.644672
16681715,0.598098,0.553244
16711789,0.596771,0.418756
16741827,0.599736,0.335030
16771731,0.601955,0.304039
16801636,0.602623,0.293401
16831940,0.602567,0.290173
16861748,0.602610,0.289716
16892149,0.602810,0.289828
16921957,0.602925,0.289722
16952358,0.602911,0.290224
16982360,0.602540,0.290085
17012761,0.597158,0.295479
17043309,0.591457,0.302153
17073558,0.586417,0.308375
17103904,0.580726,0.314907
17134057,0.575323,0.321381
17164307,0.570824,0.328082
17194460,0.567221,0.334141
17224708,0.561910,0.340844
17255054,0.556482,0.347182
17285207,0.551973,0.351936
17315264,0.548503,0.355415
17345514,0.546194,0.358118
17375859,0.544588,0.359905
17406031,0.543594,0.361568
17436358,0.542746,0.362182
17466626,0.545300,0.371350
17496972,0.563032,0.431160
17527299,0.594222,0.548408
17557397,0.605286,0.682093
17587963,0.587802,0.792937
17618309,0.582704,0.880861
17648637,0.586294,0.914214
17678983,0.591595,0.927259
17709233,0.599523,0.919965
17739482,0.605409,0.921852
17769726,0.606743,0.930312
17799884,0.601244,0.930222
17830024,0.596299,0.928334
17860370,0.595138,0.928193
17890716,0.599632,0.931526
17920771,0.599824,0.931966
17951021,0.596671,0.931957
17981091,0.594092,0.931915
18011474,0.593897,0.930915
18041820,0.595885,0.931997
18071628,0.596673,0.932418
18101743,0.597069,0.933206
18132223,0.595555,0.939613
18162758,0.596454,0.947514
18192892,0.599614,0.948824
18222929,0.600442,0.947008
18253275,0.599690,0.945491
18283621,0.598468,0.944688
18313871,0.598029,0.944051
18344217,0.620650,0.938620
18374600,0.598135,0.946390
18404426,0.596207,0.946954
18434676,0.596947,0.946571
18464828,0.623222,0.939902
18495404,0.598054,0.946173
18525231,0.598358,0.946867
18555305,0.598646,0.946925
18585632,0.600261,0.945032
18615882,0.603428,0.942400
18646035,0.604659,0.941507
18676381,0.603393,0.942764
18706649,0.603063,0.942658
18736687,0.604012,0.942071
18766743,0.604050,0.941067
18797089,0.605175,0.940889
18827260,0.635436,0.924798
18857818,0.607506,0.940895
18887837,0.608274,0.939908
18917893,0.606141,0.936974
18948239,0.596836,0.909497
18978116,0.575520,0.825554
19007942,0.568579,0.717022
19038260,0.551083,0.646308
19068661,0.538057,0.605067
19098718,0.531215,0.584126
19128775,0.534281,0.537940
19158927,0.549703,0.432257
19188983,0.561799,0.355176
19219039,0.567953,0.321802
19249095,0.570837,0.307623
19279152,0.571832,0.301274
19309323,0.572413,0.296274
19339380,0.572836,0.292060
19369532,0.572588,0.288743
19399685,0.572314,0.286295
19429741,0.572181,0.284716
19459894,0.572004,0.283342
19490143,0.569466,0.286498
19520374,0.566501,0.289739
19550527,0.564524,0.291887
19580583,0.563176,0.293618
19610929,0.562017,0.294939
19641275,0.560892,0.296509
19671332,0.559813,0.298087
19701678,0.558697,0.299206
19731733,0.557828,0.300301
19762098,0.557036,0.301657
19792425,0.560162,0.322089
19822675,0.576837,0.413280
19853021,0.603433,0.572705
19883367,0.630757,0.680579
19913695,0.637574,0.783185
19943765,0.638394,0.798042
19974322,0.638344,0.802055
20004687,0.636839,0.803149
20035033,0.637699,0.804160
20065319,0.655370,0.745412
20095357,0.720918,0.540769
20125413,0.829648,0.251492
20155469,0.882049,0.122046
20185525,0.894149,0.101333
20215581,0.899868,0.088984
20245734,0.906234,0.062165
20275790,0.908876,0.046999
20305943,0.923254,0.032368
20336193,0.934363,0.026426
20366346,0.940787,0.021769
20396153,0.947574,0.015884
20426747,0.953355,0.009822
20456546,0.943195,0.021858
20487141,0.949138,0.014271
20516939,0.954385,0.015631
20547009,0.913514,0.106313
20577603,0.926865,0.102025
20607908,0.937945,0.097813
20638006,0.946520,0.094335
20668311,0.953886,0.091148
20698390,0.960119,0.087582
20728694,0.964783,0.083907
20758764,0.968831,0.080642
20789165,0.972021,0.078067
20819166,0.974925,0.075049
20849761,0.977544,0.072337
20879647,0.980306,0.068989
20910214,1.024230,0.002617
20940269,1.032315,0.002472
20970615,0.990704,0.064603
21000672,0.992566,0.063934
21031018,1.044317,-0.002324
21061268,1.048403,-0.001123
21091420,1.053426,-0.000467
21121527,0.999544,0.057863
21151776,1.040591,-0.005757
21182141,1.032026,-0.005613
21212197,1.016357,-0.005374
21242543,0.998661,-0.002878
21272696,0.991690,-0.012332
21302733,0.985354,-0.020038
21332983,0.973887,-0.016552
21363329,0.968279,-0.004646
21393500,0.947562,0.059942
21423501,0.960534,0.048554
21453903,0.979511,0.030788
21483894,0.998083,0.013401
21514295,1.008561,0.006090
21544287,1.011779,0.004857
21574882,1.021303,-0.006674
21604689,1.030120,-0.016492
21635090,1.036546,-0.023514
21665092,1.038415,-0.023349
21695493,1.037289,-0.019759
21725494,1.038567,-0.020615
21756088,1.036176,-0.015417
21785928,1.035893,-0.014298
21816444,1.038051,-0.017344
21846302,1.039513,-0.019914
21876879,1.039320,-0.019782
21906783,1.037810,-0.017592
21937281,1.036541,-0.016284
21967425,1.034372,-0.013995
21997522,1.032199,-0.010789
22027826,1.030670,-0.008608
22057869,1.029433,-0.006485
22088270,1.028272,-0.005153
22118312,1.027320,-0.004508
22148120,1.026226,-0.003521
22178733,1.025566,-0.001841
22208514,1.025166,-0.001254
22238887,1.025236,-0.001451
22268976,1.025405,-0.001833
22299543,1.025497,-0.002279
22329341,1.025579,-0.002787
22359871,1.025728,-0.003418
22389775,1.025925,-0.004004
22420273,1.026212,-0.004115
22450150,1.026172,-0.003710
22480744,1.023306,-0.048156
22511357,-1,-1
22541363,-1,-1
22571562,-1,-1
22601632,-1,-1
22632134,-1,-1
22662407,0.667547,0.710224
22692798,0.622432,0.804023
22723439,0.598115,0.850815
22753941,0.583814,0.879224
22784379,0.577085,0.899879
22814674,0.575535,0.906112
22844731,0.583077,0.899993
22874981,0.587204,0.901935
22905069,0.587640,0.900148
22935336,0.589626,0.901379
22965664,0.591107,0.903911
22996010,0.591670,0.904615
23026260,0.592288,0.905334
23056412,0.591193,0.906350
23086681,0.590095,0.907872
23116911,0.589908,0.909293
23147082,0.589498,0.911657
23177120,0.588841,0.918706
23206997,0.587881,0.923187
23237494,0.590045,0.927609
23267840,0.591433,0.931921
23298186,0.590004,0.934454
23328224,0.590172,0.935379
23358377,0.594166,0.938509
23388530,0.596689,0.932671
23418549,0.597260,0.930967
23448835,0.596613,0.932074
23479181,0.596005,0.937791
23509528,0.594295,0.944153
23539873,0.593673,0.949371
23569912,0.594285,0.953572
23600083,0.598590,0.958194
23630217,0.599393,0.961472
23660273,0.598024,0.962914
23690426,0.599299,0.965368
23720597,0.601179,0.961930
23750810,0.602665,0.960986
23781059,0.603745,0.959661
23811405,0.603872,0.954266
23841461,0.603251,0.951635
23871614,0.604102,0.949160
23901767,0.605726,0.949588
23932035,0.605170,0.947347
23962363,0.603963,0.945464
23992418,0.602601,0.948598
24022783,0.602028,0.946540
24052917,0.602441,0.942580
24082992,0.601810,0.945204
24113241,0.603094,0.944045
24143297,0.604324,0.942120
24173644,0.605568,0.940606
24203796,0.603750,0.941347
24234046,0.586696,0.930441
24264313,0.555279,0.899109
24294563,0.519188,0.864692
24324716,0.491745,0.838511
24354771,0.478337,0.821303
24384828,0.471178,0.809705
24415059,0.458443,0.809505
24445231,0.446752,0.801575
24475365,0.438349,0.794805
24505711,0.432561,0.790612
24535767,0.426741,0.788136
24566113,0.423358,0.787095
24596169,0.420341,0.784040
24626322,0.420176,0.781038
24656668,0.419853,0.776948
24686821,0.419568,0.776091
24716974,0.419500,0.773624
24747222,0.418809,0.772480
24777568,0.419335,0.771211
24807625,0.419563,0.772705
24837971,0.419460,0.774341
24868028,0.418661,0.776897
24898180,0.418355,0.778259
24928429,0.418733,0.779051
24958564,0.419318,0.779673
24988620,0.419380,0.779183
25018966,0.419382,0.779516
25049022,0.418549,0.780027
25079193,0.424276,0.772503
25109443,0.446050,0.730685
25139693,0.506414,0.562586
25169748,0.565404,0.381146
25199538,0.592635,0.299220
25229345,0.602947,0.269814
25259650,0.606834,0.256526
25289459,0.608166,0.251704
25320071,0.608711,0.251939
25350072,0.609834,0.249321
25380473,0.602183,0.244572
25410570,0.594853,0.243576
25440876,0.589034,0.244078
25470955,0.579560,0.250125
25501328,0.572045,0.255266
25531825,0.565759,0.259358
25561978,0.559805,0.263199
25592228,0.554129,0.266394
25622574,0.549275,0.267540
25652727,0.544717,0.260338
25682779,0.540329,0.254281
25713277,0.536829,0.249237
25743172,0.534480,0.245735
25773476,0.532892,0.243226
25803546,0.531571,0.240730
25833851,0.530259,0.238019
25864215,0.529110,0.235350
25894271,0.527855,0.232983
25924617,0.526312,0.230546
25954867,0.525308,0.228583
25985019,0.524788,0.227286
26015172,0.524314,0.226020
26045422,0.524070,0.225546
26075768,0.511928,0.233054
26106017,0.450588,0.275948
26136363,0.325420,0.394249
26166709,0.227417,0.570321
26197055,0.183502,0.693710
26227401,0.167680,0.745742
26257554,0.162647,0.762776
26287804,0.160666,0.767469
26317841,0.158528,0.775086
26348090,0.157931,0.778788
26378455,0.157764,0.779965
26408511,0.159951,0.776199
26438664,0.159782,0.777670
26469010,0.158960,0.780227
26499259,0.158030,0.782339
26529509,0.158357,0.779048
26559662,0.158328,0.779506
26589815,0.158057,0.780904
26619870,0.158060,0.781895
26649927,0.158363,0.782197
26680273,0.158482,0.783117
26710329,0.158543,0.782516
26740385,0.158380,0.782663
26770731,0.158194,0.783474
26801077,0.158076,0.784141
26831134,0.158256,0.783928
26861268,0.158298,0.784024
26891517,0.158276,0.783837
26921670,0.158329,0.783967
26951919,0.158267,0.784305
26982072,0.158094,0.784603
27012322,0.157916,0.784718
27042475,0.157790,0.784721
27072724,0.157784,0.784399
27102780,0.157777,0.784105
27133126,0.157673,0.784228
27163472,0.157510,0.784593
27193643,0.157349,0.785145
27223699,0.157232,0.785798
27253949,0.165533,0.784912
27284295,0.228952,0.778175
27314429,0.324383,0.779796
27344794,0.389710,0.780839
27375043,0.428451,0.769626
27405196,0.449032,0.763528
27435542,0.460181,0.762358
27465791,0.473105,0.762056
27496041,0.483052,0.763560
27526193,0.493790,0.765529
27556521,0.518384,0.761234
27586788,0.532437,0.760325
27617038,0.545618,0.755439
27647288,0.553618,0.751382
27677537,0.558716,0.751740
27707883,0.563996,0.748401
27738229,0.566160,0.749393
27768479,0.567674,0.750623
27798824,0.568161,0.751898
27829055,0.568278,0.750214
27859130,0.568799,0.750354
27889283,0.570917,0.747566
27919436,0.574373,0.746456
27949685,0.577908,0.744838
27979838,0.580009,0.744528
28010087,0.581905,0.743534
28040433,0.583287,0.744266
28070683,0.583613,0.746572
28100836,0.583502,0.747071
28130891,0.584153,0.746731
28161237,0.584848,0.747622
28191487,0.585165,0.749325
28221833,0.585664,0.750995
28251890,0.586433,0.752653
28282235,0.587116,0.753671
28312388,0.586486,0.754943
28342541,0.584545,0.757386
28372790,0.584383,0.762494
28402846,0.584662,0.766109
28432999,0.585519,0.768275
28463248,0.586026,0.769536
28493594,0.587407,0.770546
28523728,0.589339,0.772249
28553978,0.590708,0.772849
28584053,0.591246,0.773401
28614206,0.592015,0.773703
28644552,0.592333,0.775096
28674608,0.592930,0.777178
28704742,0.593701,0.778817
28734992,0.594331,0.779644
28765259,0.594376,0.780698
28795605,0.594409,0.781821
28825758,0.595174,0.782051
28856008,0.595589,0.782846
28886160,0.595743,0.784052
28916410,0.595990,0.785501
28946756,0.596227,0.787244
28976812,0.596321,0.787161
29007158,0.596906,0.786392
29037408,0.596985,0.786890
29067560,0.596913,0.787270
29097616,0.597019,0.787115
29127962,0.597347,0.787777
29158019,0.597917,0.788697
29188365,0.598147,0.788616
29218517,0.598184,0.788359
29248574,0.598488,0.788234
29278630,0.598786,0.788575
29308810,0.599112,0.788809
29339156,0.599505,0.789435
29369213,0.599643,0.790111
29399461,0.599422,0.790183
29429614,0.600031,0.796904
29459960,0.600425,0.817710
29490210,0.601343,0.839954
29520575,0.602419,0.859752
29550902,0.602584,0.875380
29581152,0.602702,0.885656
29611498,0.601895,0.893152
29641747,0.602114,0.901177
29672093,0.603709,0.905864
29702439,0.605205,0.911620
29732495,0.607617,0.915311
29762841,0.608717,0.918938
29792897,0.610116,0.919082
29823243,0.608600,0.918679
29853493,0.610282,0.916603
29883839,0.610474,0.915966
29914089,0.610757,0.916692
29944241,0.611117,0.919079
29974297,0.610663,0.919775
30004450,0.608794,0.923086
30034602,0.609326,0.922756
30064659,0.609854,0.921069
30094908,0.610413,0.919897
30125061,0.611029,0.918121
30155117,0.611330,0.915846
30185367,0.612701,0.913164
30215713,0.615664,0.911803
30245866,0.617501,0.910245
30276115,0.618847,0.907140
30306267,0.620088,0.905162
30336517,0.620726,0.906032
30366670,0.620660,0.906559
30396726,0.620623,0.908315
30426878,0.621268,0.909531
30457243,0.621565,0.910078
30487474,0.621716,0.911368
30517531,0.621891,0.914239
30547877,0.621993,0.918099
30578223,0.621535,0.923187
30608278,0.621678,0.927072
30638431,0.621666,0.931603
30668488,0.622677,0.935115
30698834,0.622895,0.938035
30728987,0.623697,0.939933
30759042,0.624465,0.941158
30789214,0.624607,0.942131
30819445,0.625566,0.942813
30849791,0.627679,0.943866
30879847,0.628094,0.944606
30910000,0.627932,0.944990
30940249,0.627905,0.944509
30970287,0.627707,0.944846
31000652,0.627178,0.944940
31030804,0.627130,0.944861
31061053,0.627605,0.944683
31091206,0.627609,0.944660
31121456,0.627408,0.944664
31151802,0.627100,0.944580
31181840,0.627065,0.944767
31212205,0.627094,0.945063
31242550,0.626923,0.945205
31272606,0.626758,0.945540
31302952,0.626652,0.945593
31333009,0.626589,0.945879
31363355,0.626552,0.945712
31393410,0.626346,0.945592
31423564,0.626008,0.945673
31453813,0.626033,0.946489
31483966,0.626067,0.946630
31514216,0.625827,0.946615
31544368,0.625641,0.946449
31574617,0.625393,0.946370
31604963,0.623595,0.942481
31635195,0.598469,0.889696
31665246,0.552901,0.669807
31695568,0.533701,0.453368
31725349,0.528189,0.342109
31755654,0.526691,0.302252
31785549,0.526636,0.290984
31815969,0.527412,0.285637
31846024,0.528063,0.281886
31876177,0.528375,0.278608
31906234,0.528006,0.278640
31936387,0.527958,0.280135
31966442,0.528165,0.281070
31996595,0.528547,0.281523
32026652,0.528919,0.280698
32056708,0.528845,0.279405
32087054,0.528953,0.280047
32117207,0.529239,0.281338
32147553,0.529396,0.280225
32177609,0.528860,0.282623
32207955,-1,-1
32238043,-1,-1
32268067,-1,-1
32298395,-1,-1
32328685,0.500859,0.299979
32359050,0.493197,0.295089
32389355,0.484623,0.281347
32419153,0.476091,0.269642
32448961,0.469215,0.257614
32479266,0.463435,0.248293
32509257,0.459004,0.242444
32539562,0.455923,0.240272
32569651,0.453913,0.237278
32599725,0.468533,0.232235
32630